,user_id,age,churn_date,city,first_name,last_name,reg_date,tariff
0,1000,52,,Краснодар,Рафаил,Верещагин,2018-05-25,ultra
1,1001,41,,Москва,Иван,Ежов,2018-11-01,smart
2,1002,59,,Стерлитамак,Евгений,Абрамович,2018-06-17,smart
3,1003,23,,Москва,Белла,Белякова,2018-08-17,ultra
4,1004,68,,Новокузнецк,Татьяна,Авдеенко,2018-05-14,ultra
5,1005,67,,Набережные Челны,Афанасий,Горлов,2018-01-25,smart
6,1006,21,,Ульяновск,Леонид,Ермолаев,2018-02-26,smart
7,1007,65,,Москва,Юна,Березина,2018-04-19,smart
8,1008,63,,Челябинск,Рустэм,Пономарёв,2018-12-19,smart
9,1009,24,,Пермь,Василиса,Блинова,2018-03-22,smart
10,1010,26,,Тюмень,Эдуард,Кононов,2018-08-05,smart
11,1011,44,,Самара,Веселина,Алёшко,2018-03-19,smart
12,1012,38,,Санкт-Петербург,Варлам,Соловьев,2018-03-28,smart
13,1013,36,,Иваново,Борис,Андреенко,2018-11-14,ultra
14,1014,64,,Чебоксары,Яков,Акинфьев,2018-05-15,smart
15,1015,26,,Челябинск,Рузана,Алюшина,2018-04-30,smart
16,1016,58,,Омск,Марица,Сазонова,2018-11-21,ultra
17,1017,73,,Краснодар,Мария,Аленникова,2018-05-22,smart
18,1018,71,,Уфа,Матвей,Золотов,2018-04-01,ultra
19,1019,63,2018-10-05,Томск,Игнатий,Круглов,2018-05-16,ultra
20,1020,59,2018-12-18,Чита,Тала,Костина,2018-10-22,smart
21,1021,61,,Краснодар,Святослав,Тихонов,2018-04-26,ultra
22,1022,72,,Санкт-Петербург,Василиса,Трофимова,2018-12-01,smart
23,1023,42,,Томск,Людмила,Мельникова,2018-10-22,smart
24,1024,73,,Санкт-Петербург,Иулиан,Антипов,2018-10-31,ultra
25,1025,56,,Уфа,Матвей,Акинин,2018-03-15,smart
26,1026,32,,Мурманск,Евгений,Бородин,2018-10-06,smart
27,1027,62,,Петрозаводск,Владислав,Авдеев,2018-04-10,smart
28,1028,20,,Тверь,Рустем,Евсеев,2018-10-02,ultra
29,1029,51,,Екатеринбург,Алексей,Селезнев,2018-09-15,smart
30,1030,28,,Махачкала,Мариетта,Русанова,2018-05-23,smart
31,1031,66,,Москва,Лаврентий,Тимофеев,2018-11-02,smart
32,1032,31,,Ульяновск,Инна,Игнатьева,2018-01-04,smart
33,1033,71,,Москва,Лия,Бабушкина,2018-07-15,smart
34,1034,66,2018-11-21,Вологда,Святослав,Бондарев,2018-08-26,smart
35,1035,37,,Тюмень,Розалия,Аракина,2018-04-03,smart
36,1036,47,,Санкт-Петербург,Анжелика,Андропова,2018-07-14,smart
37,1037,73,,Череповец,Изольда,Архипова,2018-10-13,smart
38,1038,31,,Москва,Мария,Денисова,2018-10-07,smart
39,1039,40,,Ярославль,Агнесса,Андреенко,2018-06-21,ultra
40,1040,23,,Сочи,Юрий,Одинцов,2018-06-08,smart
41,1041,58,,Москва,Михаил,Кравцов,2018-11-29,smart
42,1042,42,,Хабаровск,Константин,Добрынин,2018-11-25,smart
43,1043,69,,Ставрополь,Марианна,Родионова,2018-07-08,smart
44,1044,51,,Рязань,Иннокентий,Рябов,2018-05-09,smart
45,1045,48,,Улан-Удэ,Джемма,Карасева,2018-01-30,smart
46,1046,72,,Тула,Екатерина,Александрова,2018-08-20,smart
47,1047,67,,Саратов,Милица,Меркулова,2018-10-29,smart
48,1048,73,,Новокузнецк,Лола,Мясникова,2018-08-19,ultra
49,1049,41,,Москва,Габриель,Ларин,2018-03-10,ultra
50,1050,44,2018-10-03,Тюмень,Рузана,Аничкина,2018-06-16,ultra
51,1051,37,2018-10-14,Москва,Кристина,Сомова,2018-05-28,smart
52,1052,52,,Санкт-Петербург,Павел,Панов,2018-07-27,smart
53,1053,64,,Ростов-на-Дону,Ренальд,Фёдоров,2018-09-30,ultra
54,1054,33,,Омск,Кристина,Платонова,2018-03-20,smart
55,1055,39,,Казань,Луиза,Березина,2018-01-02,smart
56,1056,73,2018-10-14,Иркутск,Радислав,Артемьев,2018-04-13,smart
57,1057,43,,Москва,Динара,Дьячкова,2018-03-12,ultra
58,1058,66,,Вологда,Лукий,Глушков,2018-10-07,smart
59,1059,47,,Курск,Глеб,Свиридов,2018-04-14,smart
60,1060,46,,Калуга,Яков,Рудаков,2018-11-24,ultra
61,1061,41,,Санкт-Петербург,Тамара,Ситникова,2018-07-15,smart
62,1062,24,2018-12-09,Москва,Александр,Коршунов,2018-11-16,smart
63,1063,45,2018-12-11,Тула,Таира,Климова,2018-04-12,ultra
64,1064,55,2018-12-26,Якутск,Динара,Алфеева,2018-03-17,smart
65,1065,53,2018-12-09,Москва,Роза,Игнатова,2018-03-08,smart
66,1066,47,,Астрахань,Исак,Малахов,2018-06-24,smart
67,1067,45,,Москва,Юзефа,Абашкина,2018-04-09,smart
68,1068,34,,Москва,Ким,Демьянов,2018-07-16,smart
69,1069,36,,Екатеринбург,Гордей,Кочетов,2018-12-10,smart
70,1070,20,,Химки,Эльза,Селиванова,2018-08-07,smart
71,1071,20,2018-08-31,Омск,Гектор,Чумаков,2018-01-09,smart
72,1072,49,,Уфа,Андрей,Андрейкин,2018-02-20,smart
73,1073,63,,Владикавказ,Гордей,Павловский,2018-10-04,smart
74,1074,68,,Якутск,Андрей,Кравцов,2018-12-30,smart
75,1075,25,,Екатеринбург,Рафаэль,Никулин,2018-11-02,smart
76,1076,40,,Уфа,Фёдор,Шарапов,2018-03-10,smart
77,1077,18,,Москва,Марица,Кольцова,2018-10-23,smart
78,1078,70,,Волгоград,Харитон,Литвинов,2018-06-19,ultra
79,1079,20,,Москва,Еремей,Авроров,2018-05-15,smart
80,1080,28,,Москва,Всеволод,Игнатьев,2018-08-12,ultra
81,1081,42,,Москва,Софья,Терехова,2018-03-25,ultra
82,1082,48,,Москва,Авксентий,Малышев,2018-10-05,smart
83,1083,24,,Сочи,Рустэм,Галкин,2018-04-24,smart
84,1084,47,,Саранск,Виолетта,Спиридонова,2018-12-13,ultra
85,1085,69,,Омск,Лола,Дорофеева,2018-06-12,ultra
86,1086,73,,Волгоград,Ириней,Аксёнов,2018-04-26,smart
87,1087,50,,Санкт-Петербург,Гелена,Абалакова,2018-10-03,smart
88,1088,58,,Казань,Веселина,Андреенко,2018-06-04,smart
89,1089,19,,Иркутск,Ксения,Нечаева,2018-02-24,ultra
90,1090,54,2018-12-03,Череповец,Екатерина,Астафьева,2018-10-11,ultra
91,1091,36,,Набережные Челны,Вера,Суслова,2018-05-08,ultra
92,1092,73,,Ижевск,Вениамин,Амельченко,2018-06-19,smart
93,1093,73,,Санкт-Петербург,Вероника,Лапина,2018-06-29,smart
94,1094,37,,Новосибирск,Даниэла,Пугачева,2018-05-28,ultra
95,1095,70,,Новосибирск,Марианна,Кабанова,2018-12-23,smart
96,1096,60,,Брянск,Мариетта,Абашкина,2018-04-01,ultra
97,1097,29,,Краснодар,Алла,Кулешова,2018-06-25,ultra
98,1098,39,,Челябинск,Элеонора,Озерова,2018-06-23,smart
99,1099,67,,Тольятти,Аюна,Сергеева,2018-03-16,ultra
100,1100,58,,Санкт-Петербург,Руслан,Красильников,2018-07-02,smart
101,1101,27,,Казань,Онисим,Колобов,2018-05-21,smart
102,1102,28,,Москва,Марта,Королькова,2018-06-16,smart
103,1103,52,,Екатеринбург,Эльвира,Лобанова,2018-12-04,smart
104,1104,60,,Нижний Тагил,Габриэль,Поляков,2018-02-21,ultra
105,1105,51,,Улан-Удэ,Рузана,Рыбакова,2018-09-29,smart
106,1106,67,,Калуга,Исаак,Костин,2018-04-26,ultra
107,1107,45,,Орёл,Руслан,Воронин,2018-07-20,smart
108,1108,70,,Москва,Рафаил,Болдырев,2018-11-01,smart
109,1109,64,,Санкт-Петербург,Екатерина,Андрющенко,2018-02-23,smart
110,1110,26,,Петрозаводск,Матвей,Александрович,2018-05-06,smart
111,1111,43,,Казань,Милана,Макарова,2018-11-16,smart
112,1112,51,,Ульяновск,Арнольд,Казанцев,2018-09-04,smart
113,1113,52,,Чита,Харитон,Булгаков,2018-01-24,smart
114,1114,53,,Пермь,Маргарита,Колесова,2018-07-26,smart
115,1115,71,,Москва,Рашид,Толкачев,2018-07-28,smart
116,1116,65,,Петрозаводск,Альберта,Шевцова,2018-04-17,smart
117,1117,42,,Тюмень,Дана,Меркулова,2018-12-10,smart
118,1118,65,,Казань,Вера,Латышева,2018-03-06,smart
119,1119,53,,Петрозаводск,Олег,Сухарев,2018-04-22,smart
120,1120,25,,Краснодар,Агнесса,Абдулина,2018-01-24,ultra
121,1121,62,,Белгород,Марта,Афанасова,2018-05-04,smart
122,1122,60,,Воронеж,Иулиан,Булгаков,2018-11-07,ultra
123,1123,74,,Краснодар,Вениамин,Устинов,2018-03-18,smart
124,1124,54,,Махачкала,Альбин,Андрианов,2018-09-24,ultra
125,1125,69,,Волгоград,Сабина,Озерова,2018-09-01,smart
126,1126,71,,Санкт-Петербург,Яна,Арсенкова,2018-01-19,ultra
127,1127,26,,Казань,Альберта,Ильина,2018-04-11,smart
128,1128,51,2018-12-23,Волжский,Ксения,Агаева,2018-12-15,ultra
129,1129,48,,Курган,Анвар,Морозов,2018-12-17,smart
130,1130,58,,Тюмень,Инара,Крюкова,2018-04-01,smart
131,1131,36,,Чита,Нина,Афонасьева,2018-12-08,smart
132,1132,24,,Москва,Маргарита,Алехина,2018-09-01,smart
133,1133,70,,Барнаул,Надежда,Аникина,2018-10-19,smart
134,1134,65,,Красноярск,Марьяна,Авросимова,2018-01-16,smart
135,1135,64,,Архангельск,Милена,Воронина,2018-01-29,smart
136,1136,39,,Липецк,Пётр,Левин,2018-11-19,smart
137,1137,64,,Кемерово,Ким,Артёшин,2018-12-02,smart
138,1138,23,,Екатеринбург,Леся,Ерофеева,2018-07-13,smart
139,1139,22,,Казань,Светлана,Корнеева,2018-11-09,smart
140,1140,22,,Киров,Леонид,Ахматулин,2018-12-31,smart
141,1141,52,,Москва,Клариса,Короткова,2018-12-02,smart
142,1142,51,,Новосибирск,Симона,Алешкова,2018-03-24,smart
143,1143,64,,Пермь,Арсен,Покровский,2018-04-27,ultra
144,1144,65,,Улан-Удэ,Ефим,Ефремов,2018-04-29,smart
145,1145,45,,Тюмень,Юлий,Алешин,2018-04-11,smart
146,1146,72,,Санкт-Петербург,Владислав,Никонов,2018-05-25,smart
147,1147,63,,Якутск,Владимир,Синицын,2018-07-09,smart
148,1148,23,,Тольятти,Евдокия,Киреева,2018-04-17,ultra
149,1149,23,,Мурманск,Алиса,Алексеенко,2018-05-19,smart
150,1150,58,,Сургут,Майя,Муравьева,2018-08-05,ultra
151,1151,39,,Пенза,Лариса,Молчанова,2018-09-15,ultra
152,1152,44,,Мурманск,Марина,Щербакова,2018-02-05,ultra
153,1153,59,,Ульяновск,Евдокия,Одинцова,2018-10-18,smart
154,1154,19,,Волжский,Марина,Тихомирова,2018-06-02,smart
155,1155,71,,Ставрополь,Александр,Чернов,2018-01-02,smart
156,1156,63,,Набережные Челны,Валерий,Галкин,2018-11-12,ultra
157,1157,27,,Москва,Виктория,Белоусова,2018-02-23,smart
158,1158,45,,Новокузнецк,Игорь,Андрейчук,2018-02-03,smart
159,1159,64,,Красноярск,Эльга,Аничкина,2018-11-28,smart
160,1160,73,,Ульяновск,Борис,Авдонюшкин,2018-07-03,smart
161,1161,65,2018-11-07,Набережные Челны,Татьяна,Голованова,2018-07-03,smart
162,1162,63,,Москва,Марта,Минаева,2018-10-09,smart
163,1163,21,2018-12-16,Москва,Лев,Вишневский,2018-11-03,smart
164,1164,49,,Магнитогорск,Геральд,Лебедев,2018-04-03,smart
165,1165,19,,Самара,Алексей,Медведев,2018-10-14,ultra
166,1166,48,,Нижний Новгород,Святослав,Жданов,2018-08-17,ultra
167,1167,30,,Кемерово,Клавдия,Абдулина,2018-09-29,ultra
168,1168,28,,Кострома,Лилия,Ананьева,2018-01-24,ultra
169,1169,52,,Сочи,Георгина,Карташова,2018-06-25,smart
170,1170,69,,Новосибирск,Вадим,Козлов,2018-12-20,smart
171,1171,47,,Москва,Каролина,Иванова,2018-03-20,smart
172,1172,40,,Санкт-Петербург,Алан,Карасев,2018-05-05,smart
173,1173,46,,Красноярск,Агафья,Григорьева,2018-06-21,smart
174,1174,29,,Санкт-Петербург,Лолита,Розанова,2018-02-17,smart
175,1175,22,,Москва,Юлий,Марков,2018-04-08,smart
176,1176,37,,Волгоград,Радим,Куприянов,2018-01-20,smart
177,1177,75,,Новосибирск,Лолита,Аничкина,2018-06-19,smart
178,1178,56,,Москва,Наталья,Жарова,2018-05-15,smart
179,1179,43,,Вологда,Дана,Астапенко,2018-04-19,smart
180,1180,27,,Москва,Лев,Мишин,2018-02-02,ultra
181,1181,37,,Омск,Рем,Аврорин,2018-11-23,smart
182,1182,29,,Уфа,Габриель,Агаев,2018-10-05,ultra
183,1183,20,,Владивосток,Снежана,Озерова,2018-07-12,smart
184,1184,21,,Барнаул,Снежана,Тарасова,2018-09-03,smart
185,1185,26,,Санкт-Петербург,Мануэла,Родина,2018-04-13,ultra
186,1186,21,,Самара,Рэм,Абакумов,2018-02-02,smart
187,1187,60,,Рязань,Виталий,Овчинников,2018-08-22,smart
188,1188,41,,Санкт-Петербург,Габриэль,Соколов,2018-02-04,smart
189,1189,39,,Санкт-Петербург,Аюна,Зубкова,2018-01-30,smart
190,1190,65,,Москва,Рауль,Абоимов,2018-12-07,smart
191,1191,64,2018-10-03,Набережные Челны,Александр,Акиндинов,2018-06-30,smart
192,1192,41,,Сургут,Степан,Мальцев,2018-12-04,ultra
193,1193,55,,Тамбов,Арсен,Безруков,2018-01-01,smart
194,1194,70,,Москва,Егор,Наумов,2018-12-03,smart
195,1195,19,,Москва,Веселина,Петухова,2018-10-14,smart
196,1196,25,,Воронеж,Фёдор,Чернышев,2018-05-28,ultra
197,1197,34,,Красноярск,Демьян,Черняев,2018-06-18,smart
198,1198,26,,Ярославль,Эдуард,Швецов,2018-08-15,smart
199,1199,27,,Чебоксары,Агата,Демьянова,2018-09-10,smart
200,1200,36,,Санкт-Петербург,Тамара,Ларионова,2018-04-28,ultra
201,1201,32,2018-12-03,Москва,Геннадий,Веселов,2018-08-06,ultra
202,1202,22,,Владивосток,Адам,Адаменко,2018-09-20,smart
203,1203,39,,Москва,Владимир,Григорьев,2018-03-13,ultra
204,1204,18,,Москва,Мирослава,Лазарева,2018-01-04,smart
205,1205,57,,Москва,Лия,Семина,2018-10-21,smart
206,1206,35,2018-12-20,Москва,Елена,Шарапова,2018-11-03,smart
207,1207,57,,Балашиха,Яна,Зеленина,2018-08-12,smart
208,1208,69,,Пермь,Ева,Сахарова,2018-03-24,ultra
209,1209,27,,Омск,Альбин,Сорокин,2018-06-02,smart
210,1210,33,,Севастополь,Евфросинья,Серебрякова,2018-07-29,smart
211,1211,62,,Калуга,Арина,Азимова,2018-06-20,smart
212,1212,21,,Саранск,Руслан,Пономарев,2018-11-09,smart
213,1213,26,,Ставрополь,Гайдар,Соловьев,2018-08-17,smart
214,1214,42,,Калининград,Артемий,Муравьёв,2018-07-05,smart
215,1215,55,,Рязань,Руслан,Алиев,2018-08-12,smart
216,1216,74,,Волгоград,Рустам,Малинин,2018-11-23,smart
217,1217,42,,Ульяновск,Ермолай,Сазонов,2018-02-23,smart
218,1218,71,,Екатеринбург,Снежана,Мамонтова,2018-07-14,smart
219,1219,75,,Киров,Кузьма,Некрасов,2018-01-21,smart
220,1220,59,,Ростов-на-Дону,Рубен,Астапов,2018-11-22,smart
221,1221,40,,Белгород,Джемма,Сафонова,2018-06-03,smart
222,1222,44,,Уфа,Пётр,Булгаков,2018-08-30,ultra
223,1223,20,,Стерлитамак,Алан,Панфилов,2018-12-12,smart
224,1224,58,,Магнитогорск,Ахмет,Тарасов,2018-04-24,smart
225,1225,71,,Оренбург,Даниэла,Горбачева,2018-04-26,ultra
226,1226,19,,Новосибирск,Альбин,Бобылёв,2018-06-01,ultra
227,1227,66,,Санкт-Петербург,Раиса,Калинина,2018-01-09,smart
228,1228,28,,Нижний Новгород,Денис,Алфимов,2018-04-17,smart
229,1229,24,,Москва,Нелли,Зубкова,2018-10-29,smart
230,1230,44,,Томск,Ренальд,Капустин,2018-09-15,smart
231,1231,63,,Чебоксары,Касьян,Авдюков,2018-05-23,ultra
232,1232,60,2018-11-30,Томск,Виктория,Ларина,2018-10-07,smart
233,1233,28,,Воронеж,Сара,Алфимова,2018-05-23,smart
234,1234,54,,Магнитогорск,Роксана,Алексеева,2018-12-19,ultra
235,1235,26,,Москва,Агафья,Басова,2018-10-06,smart
236,1236,30,,Москва,Леон,Демидов,2018-12-22,smart
237,1237,43,,Москва,Алина,Кошелева,2018-11-04,smart
238,1238,57,,Ростов-на-Дону,Радислав,Наумов,2018-01-08,smart
239,1239,68,,Самара,Даниил,Ёрохов,2018-06-12,smart
240,1240,30,,Воронеж,Зинаида,Шарова,2018-02-27,ultra
241,1241,71,,Новосибирск,Инна,Андреенко,2018-05-02,smart
242,1242,39,2018-12-21,Хабаровск,Радим,Федосеев,2018-11-18,smart
243,1243,74,,Пермь,Артём,Леонтьев,2018-06-01,ultra
244,1244,68,,Москва,Геральд,Макеев,2018-05-09,smart
245,1245,32,,Москва,Маргарита,Коновалова,2018-09-10,ultra
246,1246,27,,Санкт-Петербург,Марта,Ситникова,2018-09-26,smart
247,1247,19,,Москва,Адам,Тарасов,2018-05-23,smart
248,1248,51,,Москва,Анатолий,Минаев,2018-05-28,smart
249,1249,25,,Курск,Изольда,Авдушева,2018-08-14,smart
250,1250,20,,Смоленск,Лия,Ракова,2018-04-11,smart
251,1251,48,,Пермь,Роксана,Тетерина,2018-02-13,smart
252,1252,49,,Ростов-на-Дону,Лейла,Ерофеева,2018-12-02,smart
253,1253,29,,Астрахань,Алла,Масленникова,2018-08-06,ultra
254,1254,75,2018-08-17,Москва,Александра,Сухарева,2018-01-04,ultra
255,1255,40,2018-09-02,Саранск,Серафима,Пономарева,2018-02-19,ultra
256,1256,55,,Санкт-Петербург,Алевтина,Панфилова,2018-09-28,smart
257,1257,21,,Санкт-Петербург,Габриель,Жданов,2018-06-17,ultra
258,1258,52,,Санкт-Петербург,Валерий,Беляев,2018-12-31,smart
259,1259,33,,Санкт-Петербург,Эмилия,Третьякова,2018-11-04,ultra
260,1260,56,,Москва,Афанасий,Горбунов,2018-07-16,smart
261,1261,46,,Казань,Мадина,Пантелеева,2018-10-30,smart
262,1262,21,,Ульяновск,Антонина,Ларина,2018-03-17,smart
263,1263,32,,Балашиха,Ермолай,Зайцев,2018-04-30,smart
264,1264,47,,Хабаровск,Саида,Жукова,2018-04-22,smart
265,1265,24,2018-10-04,Омск,Радим,Адамов,2018-06-24,ultra
266,1266,32,,Калуга,Тала,Антропова,2018-07-20,smart
267,1267,63,,Екатеринбург,Яна,Седова,2018-08-05,smart
268,1268,18,,Москва,Трофим,Трошин,2018-05-28,smart
269,1269,31,,Омск,Аким,Ахмадулин,2018-07-17,smart
270,1270,18,,Нижневартовск,Мальвина,Вешнякова,2018-07-01,ultra
271,1271,69,2018-11-13,Челябинск,Аурелия,Чижова,2018-07-14,ultra
272,1272,61,,Пенза,Мстислав,Демьянов,2018-08-29,ultra
273,1273,46,,Курган,Рэм,Корнилов,2018-05-15,ultra
274,1274,53,,Волгоград,Аксён,Еремин,2018-05-03,smart
275,1275,48,,Москва,Семён,Елизаров,2018-04-24,smart
276,1276,30,,Москва,Михаил,Крюков,2018-10-05,ultra
277,1277,30,,Новосибирск,Валерия,Андреенко,2018-02-19,ultra
278,1278,46,,Новокузнецк,Леонид,Троицкий,2018-12-23,smart
279,1279,41,,Омск,Лолита,Киреева,2018-08-13,smart
280,1280,53,,Астрахань,Артемий,Худяков,2018-07-18,smart
281,1281,62,,Нижний Новгород,Сара,Зимина,2018-06-09,ultra
282,1282,59,,Ульяновск,Артём,Аракчеев,2018-01-21,smart
283,1283,50,,Москва,Юлий,Крючков,2018-09-07,smart
284,1284,62,,Волгоград,Евфросинья,Петухова,2018-03-16,smart
285,1285,44,,Краснодар,Ефим,Амельченко,2018-02-20,smart
286,1286,19,,Москва,Рашид,Троицкий,2018-11-27,smart
287,1287,39,,Севастополь,Вениамин,Мишин,2018-09-23,smart
288,1288,63,,Улан-Удэ,Григорий,Давыдов,2018-09-09,smart
289,1289,20,,Москва,Таисия,Богданова,2018-09-01,ultra
290,1290,68,,Нижний Новгород,Арсений,Безруков,2018-05-11,smart
291,1291,73,,Москва,Мануэла,Анищенко,2018-02-08,smart
292,1292,63,,Красноярск,Веселина,Алексеенко,2018-02-21,ultra
293,1293,39,2018-11-22,Санкт-Петербург,Эдита,Дубинина,2018-09-05,smart
294,1294,66,,Владивосток,Дебора,Асафьева,2018-02-20,ultra
295,1295,19,,Краснодар,Олеся,Зимина,2018-09-19,smart
296,1296,60,,Москва,Альфред,Черный,2018-06-05,smart
297,1297,66,,Иркутск,Радим,Абрамцев,2018-12-04,smart
298,1298,29,,Новосибирск,Надежда,Чеснокова,2018-07-26,smart
299,1299,37,,Уфа,Мариетта,Симонова,2018-01-27,smart
300,1300,40,,Москва,Тихон,Азерников,2018-07-26,ultra
301,1301,26,,Махачкала,Наида,Авраменко,2018-09-27,smart
302,1302,43,,Уфа,Владислав,Абаимов,2018-01-23,smart
303,1303,36,,Смоленск,Алевтина,Абакшина,2018-07-25,ultra
304,1304,68,,Владимир,Илья,Соловьёв,2018-11-05,ultra
305,1305,37,,Москва,Эмилия,Лаптева,2018-10-25,smart
306,1306,21,,Чита,Радим,Попов,2018-11-30,smart
307,1307,53,,Самара,Симона,Авсейкина,2018-05-04,smart
308,1308,52,,Москва,Инесса,Корнилова,2018-01-04,smart
309,1309,28,,Казань,Юлия,Касьянова,2018-10-05,ultra
310,1310,28,,Уфа,Рудольф,Нестеров,2018-03-22,ultra
311,1311,33,,Тверь,Лолита,Крылова,2018-08-03,smart
312,1312,21,,Санкт-Петербург,Тамара,Поликарпова,2018-07-29,smart
313,1313,56,,Ставрополь,Онисим,Суслов,2018-10-24,smart
314,1314,27,,Киров,Максим,Амелишко,2018-03-04,smart
315,1315,49,,Владивосток,Инга,Агапеева,2018-07-14,smart
316,1316,42,,Улан-Удэ,Аурелия,Алымова,2018-11-29,smart
317,1317,45,,Москва,Всеволод,Зыков,2018-07-09,smart
318,1318,53,,Курган,Марьяна,Анищенко,2018-03-22,ultra
319,1319,70,,Санкт-Петербург,Харитон,Парфенов,2018-08-24,smart
320,1320,38,,Балашиха,Рубен,Киселёв,2018-09-10,smart
321,1321,29,,Москва,Онисим,Софронов,2018-02-04,smart
322,1322,45,,Балашиха,Александр,Сальников,2018-09-09,smart
323,1323,67,,Челябинск,Эсмеральда,Носкова,2018-08-02,smart
324,1324,25,,Череповец,Дайна,Березина,2018-05-28,smart
325,1325,63,,Новосибирск,Артём,Федосеев,2018-06-12,ultra
326,1326,37,,Санкт-Петербург,Леонид,Барсуков,2018-05-29,smart
327,1327,45,,Новороссийск,Клавдия,Севастьянова,2018-04-09,smart
328,1328,44,,Мурманск,Рауль,Аркадьев,2018-10-16,ultra
329,1329,36,,Набережные Челны,Юна,Золотова,2018-10-08,smart
330,1330,65,,Нижний Новгород,Изольда,Алфимова,2018-02-02,ultra
331,1331,26,,Москва,Юлия,Малинина,2018-04-12,ultra
332,1332,23,,Москва,Джозефина,Тетерина,2018-05-28,smart
333,1333,58,,Москва,Вера,Антонова,2018-09-28,ultra
334,1334,45,,Владивосток,Пётр,Минаев,2018-11-16,smart
335,1335,55,,Москва,Аурелия,Голованова,2018-06-26,ultra
336,1336,27,,Уфа,Авксентий,Алексеичев,2018-12-31,ultra
337,1337,42,,Вологда,Олег,Суслов,2018-01-15,smart
338,1338,64,,Москва,Павел,Орлов,2018-05-11,smart
339,1339,52,,Москва,Григорий,Вишневский,2018-08-14,smart
340,1340,50,,Пенза,Тимофей,Алютин,2018-01-30,smart
341,1341,71,,Москва,Виктор,Кузнецов,2018-06-22,ultra
342,1342,20,,Новосибирск,Валентина,Казакова,2018-10-18,smart
343,1343,30,2018-10-28,Кострома,Анита,Верещагина,2018-08-15,ultra
344,1344,60,,Воронеж,Илзе,Игнатьева,2018-04-03,ultra
345,1345,31,,Москва,Галина,Ёркина,2018-06-01,smart
346,1346,69,,Саратов,Адам,Антропов,2018-07-03,ultra
347,1347,29,,Москва,Лола,Фокина,2018-11-01,ultra
348,1348,55,,Москва,Вероника,Громова,2018-10-07,ultra
349,1349,67,,Севастополь,Гайдар,Курочкин,2018-12-18,ultra
350,1350,40,,Омск,Варвара,Козырева,2018-08-30,ultra
351,1351,39,,Казань,Анфиса,Вешнякова,2018-11-16,smart
352,1352,53,,Рязань,Кристина,Румянцева,2018-04-17,ultra
353,1353,57,2018-11-26,Санкт-Петербург,Доминика,Анищенко,2018-04-22,smart
354,1354,56,,Сочи,Лола,Кулагина,2018-08-19,smart
355,1355,33,2018-11-27,Киров,Сара,Абрикосова,2018-07-21,smart
356,1356,75,,Москва,Евгений,Гончаров,2018-04-18,ultra
357,1357,37,,Томск,Касьян,Ермилов,2018-09-02,smart
358,1358,64,,Ставрополь,Демьян,Логинов,2018-02-21,smart
359,1359,52,,Москва,Константин,Абашкин,2018-07-27,smart
360,1360,46,,Санкт-Петербург,Лаура,Макарова,2018-03-18,ultra
361,1361,38,,Екатеринбург,Рената,Кошелева,2018-09-09,ultra
362,1362,47,,Владимир,Нина,Колесова,2018-08-02,smart
363,1363,69,,Нижний Тагил,Оксана,Болдырева,2018-03-04,ultra
364,1364,74,,Екатеринбург,Мстислав,Алексеенко,2018-08-29,ultra
365,1365,38,,Ростов-на-Дону,Георгий,Вишняков,2018-10-31,smart
366,1366,43,,Санкт-Петербург,Василиса,Фетисова,2018-06-14,smart
367,1367,43,2018-11-16,Москва,Всеволод,Антоненко,2018-09-14,ultra
368,1368,50,,Омск,Розалия,Гришина,2018-12-14,smart
369,1369,31,,Краснодар,Валерий,Соловьев,2018-08-18,ultra
370,1370,48,2018-10-27,Новороссийск,Гектор,Сысоев,2018-02-06,smart
371,1371,50,2018-12-30,Омск,Ириней,Трофимов,2018-12-25,smart
372,1372,71,,Магнитогорск,Лидия,Авраамова,2018-01-23,smart
373,1373,34,,Улан-Удэ,Нелли,Афанасенко,2018-01-17,smart
374,1374,67,,Махачкала,Леонид,Аркадьев,2018-04-01,smart
375,1375,53,,Пенза,Мария,Акимычева,2018-01-04,ultra
376,1376,46,,Самара,Пётр,Акимов,2018-05-31,smart
377,1377,59,,Брянск,Альфред,Семин,2018-02-25,ultra
378,1378,21,,Иркутск,Евгения,Бычкова,2018-01-19,smart
379,1379,39,,Москва,Нелли,Кочергина,2018-08-09,ultra
380,1380,45,,Ростов-на-Дону,Доминика,Карасева,2018-05-07,ultra
381,1381,64,,Москва,Тамара,Серебрякова,2018-01-13,ultra
382,1382,42,,Самара,Оксана,Нестерова,2018-03-26,ultra
383,1383,41,,Ульяновск,Юна,Сомова,2018-10-24,smart
384,1384,42,,Нижний Новгород,Кристина,Касьянова,2018-04-27,smart
385,1385,26,,Москва,Алиса,Дубинина,2018-01-13,ultra
386,1386,21,,Новосибирск,Фаддей,Родионов,2018-08-13,smart
387,1387,74,,Краснодар,Габриель,Зуев,2018-12-21,smart
388,1388,24,,Вологда,Рустам,Левин,2018-08-27,smart
389,1389,29,,Москва,Надежда,Латышева,2018-07-20,smart
390,1390,56,,Санкт-Петербург,Лидия,Беляева,2018-07-30,smart
391,1391,47,,Стерлитамак,Герасим,Аркадьев,2018-05-12,ultra
392,1392,54,2018-09-27,Челябинск,Алла,Беликова,2018-02-27,ultra
393,1393,56,,Краснодар,Артём,Зубков,2018-02-17,smart
394,1394,47,,Орёл,Ксения,Жукова,2018-01-12,smart
395,1395,66,,Москва,Радомир,Кондратов,2018-01-06,smart
396,1396,23,,Пенза,Эльга,Савельева,2018-01-12,ultra
397,1397,47,,Воронеж,Инна,Чистякова,2018-12-22,ultra
398,1398,58,,Махачкала,Рауль,Ахмедов,2018-12-06,smart
399,1399,31,2018-12-25,Уфа,Алиса,Абрашина,2018-11-06,ultra
400,1400,71,,Москва,Ренат,Артёмов,2018-08-24,smart
401,1401,42,,Москва,Владислава,Васильева,2018-01-24,smart
402,1402,23,,Пенза,Мариетта,Измайлова,2018-03-09,ultra
403,1403,18,,Брянск,Ахмет,Амелин,2018-05-20,ultra
404,1404,61,,Иркутск,Роберт,Уваров,2018-04-18,smart
405,1405,54,,Набережные Челны,Элина,Белова,2018-10-08,ultra
406,1406,68,,Казань,Станислав,Семёнов,2018-12-15,smart
407,1407,40,,Челябинск,Элла,Пирогова,2018-08-14,smart
408,1408,53,,Самара,Касьян,Кукушкин,2018-05-27,smart
409,1409,42,,Набережные Челны,Даниил,Алиев,2018-03-14,smart
410,1410,25,,Нижний Тагил,Гарри,Ильин,2018-08-28,smart
411,1411,36,,Грозный,Берта,Прокофьева,2018-07-13,smart
412,1412,63,,Волгоград,Геодар,Афонин,2018-06-05,ultra
413,1413,37,,Новосибирск,Леон,Фролов,2018-08-19,smart
414,1414,70,,Владимир,Александра,Лобанова,2018-05-05,smart
415,1415,41,,Москва,Андрей,Лукин,2018-06-29,ultra
416,1416,50,2018-12-14,Санкт-Петербург,Валерия,Ёлчина,2018-07-16,ultra
417,1417,34,,Тольятти,Исак,Макаров,2018-07-19,smart
418,1418,30,,Новосибирск,Мстислав,Ахматов,2018-10-23,smart
419,1419,19,,Новороссийск,Эльмира,Яшина,2018-07-19,smart
420,1420,53,,Сочи,Анатолий,Корольков,2018-09-19,smart
421,1421,30,,Калининград,Гайдар,Александрович,2018-02-22,smart
422,1422,60,2018-12-21,Москва,Клара,Устинова,2018-10-12,smart
423,1423,50,,Астрахань,Леон,Силин,2018-01-23,smart
424,1424,27,,Москва,Розалия,Ёрохова,2018-06-20,ultra
425,1425,51,,Пермь,Вадим,Фомин,2018-02-27,smart
426,1426,56,,Оренбург,Арина,Богданова,2018-09-04,smart
427,1427,24,,Казань,Ириней,Азаров,2018-04-03,smart
428,1428,42,,Новосибирск,Камилла,Добрынина,2018-08-25,smart
429,1429,54,,Санкт-Петербург,Джулия,Белякова,2018-01-26,smart
430,1430,22,,Тверь,Андрей,Авроров,2018-04-23,ultra
431,1431,70,,Уфа,Елена,Тимофеева,2018-03-16,smart
432,1432,48,,Улан-Удэ,Анвар,Кочетков,2018-08-04,smart
433,1433,71,,Подольск,Клариса,Алёшкова,2018-01-05,smart
434,1434,73,,Москва,Карина,Субботина,2018-12-14,smart
435,1435,32,,Москва,Евфросинья,Азимова,2018-02-17,smart
436,1436,75,,Москва,Радим,Ерофеев,2018-04-04,ultra
437,1437,73,,Казань,Лилия,Селезнева,2018-08-03,smart
438,1438,24,2018-12-24,Екатеринбург,Нателла,Бородина,2018-10-05,smart
439,1439,62,,Орёл,Евгения,Афонина,2018-06-30,smart
440,1440,51,,Москва,Арсений,Матвеев,2018-05-28,ultra
441,1441,62,,Самара,Леонтий,Белозёров,2018-11-07,smart
442,1442,48,,Ульяновск,Клавдия,Ковалева,2018-11-13,ultra
443,1443,21,,Казань,Иван,Афинин,2018-09-17,smart
444,1444,35,,Нижний Новгород,Иулиан,Воронин,2018-11-07,smart
445,1445,40,,Москва,Рауль,Иванов,2018-12-29,smart
446,1446,64,,Липецк,Антонина,Артемчук,2018-08-31,smart
447,1447,25,,Москва,Александра,Алешина,2018-09-13,smart
448,1448,42,,Кострома,Ростислав,Дроздов,2018-09-16,smart
449,1449,55,,Москва,Дана,Новикова,2018-07-16,smart
450,1450,53,,Москва,Алиса,Козлова,2018-10-10,smart
451,1451,58,,Набережные Челны,Виктория,Завьялова,2018-08-27,smart
452,1452,74,,Москва,Эмилия,Абалдуева,2018-06-19,ultra
453,1453,50,,Москва,Кузьма,Акуленко,2018-01-01,ultra
454,1454,29,,Томск,Адам,Алешин,2018-03-08,smart
455,1455,38,,Балашиха,Рубен,Авринский,2018-03-22,ultra
456,1456,40,,Санкт-Петербург,Мануэла,Андропова,2018-08-25,smart
457,1457,35,,Саратов,Татьяна,Авчинникова,2018-03-14,smart
458,1458,36,,Барнаул,Роберт,Азаров,2018-02-13,ultra
459,1459,31,,Магнитогорск,Леон,Ёрохов,2018-10-10,smart
460,1460,64,,Ижевск,Арина,Абашкина,2018-04-06,smart
461,1461,53,,Москва,Ангелина,Фетисова,2018-11-21,ultra
462,1462,72,,Тольятти,Алёна,Абрамычева,2018-10-29,smart
463,1463,74,,Санкт-Петербург,Ринат,Авринский,2018-11-16,ultra
464,1464,44,,Саранск,Антонина,Авросинова,2018-02-17,smart
465,1465,41,,Омск,Пётр,Ёркин,2018-04-14,smart
466,1466,37,,Новосибирск,Рубен,Шевцов,2018-02-28,ultra
467,1467,66,,Киров,Исак,Александрюк,2018-11-24,ultra
468,1468,29,,Тамбов,Иван,Авдышев,2018-02-11,smart
469,1469,41,,Сочи,Аксён,Абалкин,2018-07-06,ultra
470,1470,23,,Новокузнецк,Эллада,Лосева,2018-10-19,smart
471,1471,35,,Вологда,Элеонора,Гаврилова,2018-02-26,ultra
472,1472,53,,Ярославль,Наида,Боброва,2018-01-18,smart
473,1473,18,,Красноярск,Николай,Лебедев,2018-08-05,ultra
474,1474,66,,Набережные Челны,Олег,Любимов,2018-11-11,ultra
475,1475,40,,Новокузнецк,Лидия,Фадеева,2018-01-09,smart
476,1476,50,,Москва,Валентина,Семенова,2018-04-30,ultra
477,1477,70,,Набережные Челны,Геральд,Серов,2018-04-24,smart
478,1478,75,,Грозный,Таира,Константинова,2018-07-16,smart
479,1479,40,,Хабаровск,Игорь,Богданов,2018-07-03,smart
480,1480,29,2018-09-26,Новокузнецк,Гелена,Емельянова,2018-02-14,smart
481,1481,70,,Москва,Клавдия,Чижова,2018-02-26,smart
482,1482,68,,Санкт-Петербург,Алина,Блохина,2018-02-28,smart
483,1483,28,,Ульяновск,Серафима,Борисова,2018-04-11,smart
484,1484,55,,Екатеринбург,Илзе,Абалдуева,2018-08-04,smart
485,1485,34,,Киров,Таисия,Сухова,2018-12-29,ultra
486,1486,35,,Нижний Новгород,Матвей,Моргунов,2018-10-31,smart
487,1487,72,,Кострома,Рудольф,Кириллов,2018-08-13,smart
488,1488,47,,Новороссийск,Вадим,Филатов,2018-11-07,smart
489,1489,35,,Санкт-Петербург,Павел,Гончаров,2018-08-15,smart
490,1490,30,,Москва,Радомир,Алесин,2018-04-03,smart
491,1491,56,,Челябинск,Радислав,Андрейкин,2018-04-25,ultra
492,1492,63,,Санкт-Петербург,Руслана,Артёменко,2018-06-26,smart
493,1493,71,,Красноярск,Таисия,Ахматулина,2018-11-24,ultra
494,1494,62,,Омск,Ренат,Андропов,2018-08-17,smart
495,1495,65,,Иркутск,Авксентий,Фокин,2018-08-28,ultra
496,1496,36,,Вологда,Трифон,Блохин,2018-01-27,smart
497,1497,32,,Челябинск,Каролина,Агеева,2018-10-09,smart
498,1498,68,2018-10-25,Владикавказ,Всеволод,Акимчин,2018-07-19,smart
499,1499,35,,Пермь,Гектор,Корнилов,2018-09-27,smart
